frame,side,x,y,z,reach,height,root_rot_z
1,Left,0.3126163184642792,-0.3700590431690216,0.0873442217707634,0.8475132219442227,0.0873442217707634,0.004224857781082392
1,Right,-0.27042293548583984,0.055980514734983444,0.08679743111133575,0.811102876356497,0.08679743111133575,0.004224857781082392
2,Left,0.3125094175338745,-0.37014952301979065,0.08734544366598129,0.8476124611544388,0.08734544366598129,0.0006740244571119547
2,Right,-0.2709936797618866,0.05701644346117973,0.08679591119289398,0.8117003093181518,0.08679591119289398,0.0006740244571119547
3,Left,0.31253254413604736,-0.3702666461467743,0.08734536170959473,0.8481311061325882,0.08734536170959473,-0.0018839911790564656
3,Right,-0.2710769474506378,0.05643753707408905,0.086797334253788,0.811615946669283,0.086797334253788,-0.0018839911790564656
4,Left,0.31252315640449524,-0.3703616261482239,0.08734513819217682,0.8487054378921088,0.08734513819217682,-0.00437276903539896
4,Right,-0.27094700932502747,0.05577053129673004,0.08681531995534897,0.8113225075311924,0.08681531995534897,-0.00437276903539896
5,Left,0.31257301568984985,-0.37038278579711914,0.08734482526779175,0.8494428734576067,0.08734482526779175,-0.007026823237538338
5,Right,-0.27110305428504944,0.05576048418879509,0.08679548650979996,0.8111146787990413,0.08679548650979996,-0.007026823237538338
6,Left,0.3126243054866791,-0.37033745646476746,0.08734531700611115,0.850354781860779,0.08734531700611115,-0.008876504376530647
6,Right,-0.2715988755226135,0.05672433599829674,0.08679414540529251,0.8114872406783792,0.08679414540529251,-0.008876504376530647
7,Left,0.3131316602230072,-0.3693388104438782,0.0873456746339798,0.8514941717435281,0.0873456746339798,-0.009813426993787289
7,Right,-0.27147048711776733,0.05601806193590164,0.08679162710905075,0.811540635588892,0.08679162710905075,-0.009813426993787289
8,Left,0.31285780668258667,-0.369453102350235,0.08734529465436935,0.8527890698536635,0.08734529465436935,-0.009509995579719543
8,Right,-0.27152693271636963,0.056121792644262314,0.08679179847240448,0.8119468972763676,0.08679179847240448,-0.009509995579719543
9,Left,0.3127458989620209,-0.3690786063671112,0.08734513819217682,0.8537214519836804,0.08734513819217682,-0.00781224062666297
9,Right,-0.27174994349479675,0.056570641696453094,0.08679293096065521,0.8121432635386667,0.08679293096065521,-0.00781224062666297
10,Left,0.31278881430625916,-0.3693767189979553,0.0873442068696022,0.8542337582666857,0.0873442068696022,-0.0046039242297410965
10,Right,-0.27193257212638855,0.05639861151576042,0.0867927148938179,0.8119552567442173,0.0867927148938179,-0.0046039242297410965
11,Left,0.3130911588668823,-0.3700479567050934,0.08724194020032883,0.8547086060165306,0.08724194020032883,-0.0006609258125536144
11,Right,-0.2717500329017639,0.05698937177658081,0.0867934301495552,0.8113073619082984,0.0867934301495552,-0.0006609258125536144
12,Left,0.3133014440536499,-0.37007203698158264,0.08722665905952454,0.8541951736872523,0.08722665905952454,0.0030729894060641527
12,Right,-0.27182626724243164,0.057352978736162186,0.08679428696632385,0.8103466188707983,0.08679428696632385,0.0030729894060641527
13,Left,0.3135510981082916,-0.37010887265205383,0.08717881143093109,0.8536131953636644,0.08717881143093109,0.006106739863753319
13,Right,-0.27114659547805786,0.05645249783992767,0.08679290115833282,0.8090022294649754,0.08679290115833282,0.006106739863753319
14,Left,0.3136930763721466,-0.37013980746269226,0.08730211853981018,0.8530368094746115,0.08730211853981018,0.007836678996682167
14,Right,-0.27094635367393494,0.05626382306218147,0.08679449558258057,0.8084880683777997,0.08679449558258057,0.007836678996682167
15,Left,0.31371670961380005,-0.37017253041267395,0.08737849444150925,0.8524924021882923,0.08737849444150925,0.00828484632074833
15,Right,-0.27084702253341675,0.05615292489528656,0.0867953896522522,0.8084297866254253,0.0867953896522522,0.00828484632074833
16,Left,0.3136192262172699,-0.37015509605407715,0.08737222105264664,0.8522806180061289,0.08737222105264664,0.008064973168075085
16,Right,-0.2707919180393219,0.05692658573389053,0.08679564297199249,0.8087950400652294,0.08679564297199249,0.008064973168075085
17,Left,0.3130316138267517,-0.3691056966781616,0.08734550327062607,0.8520364710964207,0.08734550327062607,0.006924131419509649
17,Right,-0.27087897062301636,0.056652940809726715,0.08679475635290146,0.809283805187048,0.08679475635290146,0.006924131419509649
18,Left,0.3124220073223114,-0.36931130290031433,0.08715338259935379,0.852509125558612,0.08715338259935379,0.005996266379952431
18,Right,-0.2710643708705902,0.05634715408086777,0.08679515868425369,0.8100216266734761,0.08679515868425369,0.005996266379952431
19,Left,0.31246495246887207,-0.3697238862514496,0.0871831402182579,0.8524506578785735,0.0871831402182579,0.005252375267446041
19,Right,-0.2706950008869171,0.05554089695215225,0.08679452538490295,0.8105616005168874,0.08679452538490295,0.005252375267446041
20,Left,0.31239932775497437,-0.36992770433425903,0.08720877021551132,0.8521033240789224,0.08720877021551132,0.004955202341079712
20,Right,-0.27107325196266174,0.056339334696531296,0.08679897338151932,0.8113406396634394,0.08679897338151932,0.004955202341079712
21,Left,0.31252068281173706,-0.3700625002384186,0.08724230527877808,0.8513688667877641,0.08724230527877808,0.0055479793809354305
21,Right,-0.2709561288356781,0.05625040829181671,0.08680061995983124,0.8116537258072372,0.08680061995983124,0.0055479793809354305
22,Left,0.3126586675643921,-0.370060533285141,0.08744393289089203,0.8501772813135916,0.08744393289089203,0.006183205638080835
22,Right,-0.27082300186157227,0.056150104850530624,0.08680173009634018,0.8116943796756586,0.08680173009634018,0.006183205638080835
23,Left,0.31283053755760193,-0.37038490176200867,0.0873458981513977,0.8489365182406254,0.0873458981513977,0.007558082230389118
23,Right,-0.2707202434539795,0.05602094903588295,0.08680246025323868,0.81160632948424,0.08680246025323868,0.007558082230389118
24,Left,0.3115920424461365,-0.36981067061424255,0.08732399344444275,0.8468998641414536,0.08732399344444275,0.009158900007605553
24,Right,-0.2705852687358856,0.0558793768286705,0.086802177131176,0.8113055034104638,0.086802177131176,0.009158900007605553
25,Left,0.31139177083969116,-0.3697223663330078,0.08747036755084991,0.8453706457796424,0.08747036755084991,0.01077305432409048
25,Right,-0.27057236433029175,0.05581415817141533,0.08680234849452972,0.8112330244140485,0.08680234849452972,0.01077305432409048
26,Left,0.3121683597564697,-0.37009167671203613,0.08734365552663803,0.84474594226282,0.08734365552663803,0.012703885324299335
26,Right,-0.27067145705223083,0.055870842188596725,0.08680179715156555,0.8115701902948359,0.08680179715156555,0.012703885324299335
27,Left,0.3111993670463562,-0.36958566308021545,0.08734117448329926,0.8437904507159517,0.08734117448329926,0.01413033064454794
27,Right,-0.27080535888671875,0.055986300110816956,0.08680150657892227,0.8122083307778485,0.08680150657892227,0.01413033064454794
28,Left,0.31052491068840027,-0.3689384460449219,0.08733908087015152,0.8431211419543937,0.08733908087015152,0.015509643591940403
28,Right,-0.2710803151130676,0.05619976297020912,0.08680157363414764,0.8135138053199626,0.08680157363414764,0.015509643591940403
29,Left,0.30986106395721436,-0.3694336712360382,0.08733738958835602,0.843046647981117,0.08733738958835602,0.01657433807849884
29,Right,-0.27150413393974304,0.056554701179265976,0.08680073916912079,0.8146014993205856,0.08680073916912079,0.01657433807849884
30,Left,0.30942240357398987,-0.36941808462142944,0.08733779937028885,0.8429036840971788,0.08733779937028885,0.0173898097127676
30,Right,-0.2719668447971344,0.05688825249671936,0.08670716732740402,0.8159011745493724,0.08670716732740402,0.0173898097127676
31,Left,0.3091340661048889,-0.3694382607936859,0.08733794838190079,0.8423671704597239,0.08733794838190079,0.017458513379096985
31,Right,-0.2725776433944702,0.05733545869588852,0.0867772251367569,0.8167132332062483,0.0867772251367569,0.017458513379096985
32,Left,0.3088279366493225,-0.369442880153656,0.08733786642551422,0.8414731432110517,0.08733786642551422,0.016434848308563232
32,Right,-0.2733193337917328,0.057857412844896317,0.08661635220050812,0.8170449824628154,0.08661635220050812,0.016434848308563232
33,Left,0.3083004355430603,-0.3696376383304596,0.08734138309955597,0.8408892378430315,0.08734138309955597,0.011638890020549297
33,Right,-0.27491503953933716,0.058951638638973236,0.08679590374231339,0.8172095980036034,0.08679590374231339,0.011638890020549297
34,Left,0.30830737948417664,-0.3694051206111908,0.08733934909105301,0.8407472330604943,0.08733934909105301,-0.0016949010314419866
34,Right,-0.27796420454978943,0.06117205694317818,0.08678748458623886,0.8179611145125876,0.08678748458623886,-0.0016949010314419866
35,Left,0.3073079288005829,-0.3697018325328827,0.08734199404716492,0.840030229181013,0.08734199404716492,-0.030586401000618935
35,Right,-0.280317097902298,0.0608191080391407,0.08632303774356842,0.8186483191730602,0.08632303774356842,-0.030586401000618935
36,Left,0.30667823553085327,-0.3698369562625885,0.08734235167503357,0.8386744232210092,0.08734235167503357,-0.07615288347005844
36,Right,-0.27895599603652954,0.05735735222697258,0.0862543061375618,0.8169375714388929,0.0862543061375618,-0.07615288347005844
37,Left,0.30550456047058105,-0.36994343996047974,0.08734451234340668,0.8369548024307002,0.08734451234340668,-0.1375332623720169
37,Right,-0.2719617187976837,0.051150429993867874,0.08676761388778687,0.8134164089571072,0.08676761388778687,-0.1375332623720169
38,Left,0.3035544753074646,-0.3695891499519348,0.08733712136745453,0.8359049596870307,0.08733712136745453,-0.20997469127178192
38,Right,-0.2666938006877899,0.04292645305395126,0.08664777129888535,0.8116410958555587,0.08664777129888535,-0.20997469127178192
39,Left,0.3010422885417938,-0.3651628792285919,0.08777057379484177,0.8331755986788367,0.08777057379484177,-0.2903003692626953
39,Right,-0.26588761806488037,0.03527655079960823,0.08675769716501236,0.8117235650772455,0.08675769716501236,-0.2903003692626953
40,Left,0.29796236753463745,-0.360867977142334,0.08716722577810287,0.8288412617834222,0.08716722577810287,-0.3795838952064514
40,Right,-0.2648351192474365,0.034239575266838074,0.08675206452608109,0.8106845078182975,0.08675206452608109,-0.3795838952064514
41,Left,0.29158613085746765,-0.36356958746910095,0.09090206027030945,0.8197706249320524,0.09090206027030945,-0.4839046001434326
41,Right,-0.2628283202648163,0.03184434771537781,0.08678663522005081,0.8078073026427192,0.08678663522005081,-0.4839046001434326
42,Left,0.2727168798446655,-0.3742620646953583,0.10012572258710861,0.8036434706115273,0.10012572258710861,-0.6095647215843201
42,Right,-0.26181286573410034,0.030288714915513992,0.08680162578821182,0.8041167636747434,0.08680162578821182,-0.6095647215843201
43,Left,0.23795105516910553,-0.3838275372982025,0.1065167561173439,0.7839750364913483,0.1065167561173439,-0.7584413290023804
43,Right,-0.2629120349884033,0.030259698629379272,0.08679835498332977,0.8004693511319887,0.08679835498332977,-0.7584413290023804
44,Left,0.19883084297180176,-0.37471896409988403,0.1065613329410553,0.764525182516906,0.1065613329410553,-0.918452799320221
44,Right,-0.26444873213768005,0.03068530559539795,0.08676961809396744,0.7983279492719974,0.08676961809396744,-0.918452799320221
45,Left,0.18062619864940643,-0.37420016527175903,0.10788469016551971,0.7499233153250185,0.10788469016551971,-1.0830332040786743
45,Right,-0.2657335698604584,0.031176773831248283,0.08671125769615173,0.8004356842380459,0.08671125769615173,-1.0830332040786743
46,Left,0.17303648591041565,-0.3969337046146393,0.1067754477262497,0.744170775891531,0.1067754477262497,-1.2497260570526123
46,Right,-0.26749151945114136,0.03198294714093208,0.08661212772130966,0.8082923361934047,0.08661212772130966,-1.2497260570526123
47,Left,0.16894660890102386,-0.4312719404697418,0.1027127280831337,0.7465618366581416,0.1027127280831337,-1.4243907928466797
47,Right,-0.2694971263408661,0.03374781087040901,0.08649782836437225,0.8235581154949406,0.08649782836437225,-1.4243907928466797
48,Left,0.16502492129802704,-0.4593786895275116,0.09570208936929703,0.7569147745725506,0.09570208936929703,-1.6228814125061035
48,Right,-0.2723730504512787,0.03836607187986374,0.08878523111343384,0.8480220853432137,0.08878523111343384,-1.6228814125061035
49,Left,0.16187776625156403,-0.475660502910614,0.0872993916273117,0.7697727428358075,0.0872993916273117,-1.8405998945236206
49,Right,-0.27601274847984314,0.04066336899995804,0.10019572824239731,0.8744836437462139,0.10019572824239731,-1.8405998945236206
50,Left,0.15508976578712463,-0.47482120990753174,0.08517618477344513,0.7724936308977258,0.08517618477344513,-2.0693914890289307
50,Right,-0.24748098850250244,0.06261761486530304,0.12913134694099426,0.8851262635473987,0.12913134694099426,-2.0693914890289307
51,Left,0.1537313163280487,-0.467206746339798,0.0863334909081459,0.7735767604885713,0.0863334909081459,-2.3043060302734375
51,Right,-0.11627958714962006,0.05894394963979721,0.15113234519958496,0.8558212233466335,0.15113234519958496,-2.3043060302734375
52,Left,0.1530790477991104,-0.4597807228565216,0.08686911314725876,0.7803473629295209,0.08686911314725876,-2.537182092666626
52,Right,0.05873962491750717,-0.000218220055103302,0.18555322289466858,0.7954119125543527,0.18555322289466858,-2.537182092666626
53,Left,0.15365096926689148,-0.4533573389053345,0.0870698094367981,0.7922665825375312,0.0870698094367981,-2.7721314430236816
53,Right,0.24065063893795013,-0.11738280951976776,0.253505140542984,0.7142758739850134,0.253505140542984,-2.7721314430236816
54,Left,0.15974895656108856,-0.4479842185974121,0.0872262492775917,0.8078735487319978,0.0872262492775917,-2.988532781600952
54,Right,0.3775485157966614,-0.27725860476493835,0.3622142970561981,0.6218895117945096,0.3622142970561981,-2.988532781600952
55,Left,0.15437859296798706,-0.44470080733299255,0.08721651881933212,0.8203593584851799,0.08721651881933212,-3.1789941787719727
55,Right,0.4658268392086029,-0.4525546431541443,0.5032474398612976,0.5334680289149292,0.5032474398612976,-3.1789941787719727
56,Left,0.13699978590011597,-0.4402097165584564,0.08884356915950775,0.8256329606072748,0.08884356915950775,-3.3578286170959473
56,Right,0.5252561569213867,-0.6166680455207825,0.6627416014671326,0.47965777435911106,0.6627416014671326,-3.3578286170959473
57,Left,0.11622263491153717,-0.43389344215393066,0.08832161873579025,0.8287566580219966,0.08832161873579025,-3.5178956985473633
57,Right,0.5616303086280823,-0.7637173533439636,0.8161150217056274,0.47986694188592466,0.8161150217056274,-3.5178956985473633
58,Left,0.10590134561061859,-0.42862480878829956,0.08649580925703049,0.8317074710979497,0.08649580925703049,-3.6582179069519043
58,Right,0.5563510060310364,-0.9007039666175842,0.9375137686729431,0.5088129353734302,0.9375137686729431,-3.6582179069519043
59,Left,0.11339965462684631,-0.4255007207393646,0.0866381898522377,0.8342779059521508,0.0866381898522377,-3.7914042472839355
59,Right,0.4965740442276001,-1.0171648263931274,1.0241107940673828,0.5258177919299198,1.0241107940673828,-3.7914042472839355
60,Left,0.12627601623535156,-0.4329349398612976,0.08625367283821106,0.8369094599237822,0.08625367283821106,-3.9192819595336914
60,Right,0.3935120701789856,-1.096633791923523,1.072691798210144,0.5162272000520525,1.072691798210144,-3.9192819595336914
61,Left,0.13634470105171204,-0.44124892354011536,0.0856637954711914,0.8402283187250694,0.0856637954711914,-4.051489353179932
61,Right,0.2606746554374695,-1.1443222761154175,1.079154133796692,0.48871450681338097,1.079154133796692,-4.051489353179932
62,Left,0.1448403149843216,-0.4510396420955658,0.08514896035194397,0.8446506813454208,0.08514896035194397,-4.19534969329834
62,Right,0.12428562343120575,-1.161167025566101,1.0278048515319824,0.4597637010308694,1.0278048515319824,-4.19534969329834
63,Left,0.15094909071922302,-0.4613357186317444,0.0848771184682846,0.8484661571877472,0.0848771184682846,-4.343130588531494
63,Right,0.014914321713149548,-1.1513018608093262,0.9409582614898682,0.44667369416715086,0.9409582614898682,-4.343130588531494
64,Left,0.15560117363929749,-0.47078248858451843,0.08502181619405746,0.8494780893945597,0.08502181619405746,-4.495456695556641
64,Right,-0.07625646144151688,-1.1334311962127686,0.8489951491355896,0.45780138089311856,0.8489951491355896,-4.495456695556641
65,Left,0.1590595692396164,-0.47922033071517944,0.08535243570804596,0.8493864241015798,0.08535243570804596,-4.6388678550720215
65,Right,-0.15397316217422485,-1.1195646524429321,0.7511868476867676,0.4960378480187767,0.7511868476867676,-4.6388678550720215
66,Left,0.16176381707191467,-0.4869738817214966,0.08570582419633865,0.8480870520320549,0.08570582419633865,-4.7695465087890625
66,Right,-0.21314984560012817,-1.1103941202163696,0.6424662470817566,0.5571134466488681,0.6424662470817566,-4.7695465087890625
67,Left,0.16426873207092285,-0.4944424033164978,0.08602376282215118,0.8462191048627146,0.08602376282215118,-4.889842987060547
67,Right,-0.2583540380001068,-1.1036696434020996,0.5257085561752319,0.632655966201157,0.5257085561752319,-4.889842987060547
68,Left,0.16683198511600494,-0.5018371343612671,0.08614915609359741,0.8447653475578346,0.08614915609359741,-5.00235652923584
68,Right,-0.29043447971343994,-1.098233699798584,0.41270142793655396,0.7096242198002424,0.41270142793655396,-5.00235652923584
69,Left,0.16933698952198029,-0.5091331601142883,0.08610223978757858,0.8445561379028381,0.08610223978757858,-5.110276222229004
69,Right,-0.31311658024787903,-1.0939403772354126,0.31737521290779114,0.7749556274939743,0.31737521290779114,-5.110276222229004
70,Left,0.17143447697162628,-0.5160564184188843,0.08597136288881302,0.8458701980737297,0.08597136288881302,-5.213905334472656
70,Right,-0.32991981506347656,-1.087357759475708,0.24546661972999573,0.8211043305445789,0.24546661972999573,-5.213905334472656
71,Left,0.17347829043865204,-0.5232698321342468,0.08597514778375626,0.846534366879706,0.08597514778375626,-5.32188606262207
71,Right,-0.3413984179496765,-1.0744662284851074,0.18523943424224854,0.8544071285964201,0.18523943424224854,-5.32188606262207
72,Left,0.17566582560539246,-0.5321282744407654,0.08623240143060684,0.8452829653605187,0.08623240143060684,-5.4385151863098145
72,Right,-0.3492448031902313,-1.0560132265090942,0.13009357452392578,0.8805881619819824,0.13009357452392578,-5.4385151863098145
73,Left,0.17675761878490448,-0.5423275232315063,0.08662287890911102,0.841534867801144,0.08662287890911102,-5.561783790588379
73,Right,-0.35774263739585876,-1.0351815223693848,0.09535614401102066,0.8871669623774842,0.09535614401102066,-5.561783790588379
74,Left,0.17647267878055573,-0.5497125387191772,0.08660930395126343,0.8372743564368273,0.08660930395126343,-5.681911468505859
74,Right,-0.3716000020503998,-1.023983359336853,0.0888059064745903,0.8718015015123228,0.0888059064745903,-5.681911468505859
75,Left,0.17505092918872833,-0.5567184090614319,0.08648558706045151,0.830530582980818,0.08648558706045151,-5.802803039550781
75,Right,-0.3822397291660309,-1.0188554525375366,0.08616340160369873,0.8543522725678733,0.08616340160369873,-5.802803039550781
76,Left,0.17324675619602203,-0.5604571104049683,0.08902733027935028,0.8269019801217471,0.08902733027935028,-5.915475845336914
76,Right,-0.38397490978240967,-1.0195138454437256,0.08665651082992554,0.8419366751440184,0.08665651082992554,-5.915475845336914
77,Left,0.17495112121105194,-0.5689932703971863,0.0955418199300766,0.824643028129142,0.0955418199300766,-6.000489234924316
77,Right,-0.38516199588775635,-1.0196589231491089,0.0868009701371193,0.8332400249853548,0.0868009701371193,-6.000489234924316
78,Left,0.1814536601305008,-0.5872857570648193,0.1075214371085167,0.8196136904071913,0.1075214371085167,-6.058753967285156
78,Right,-0.38609158992767334,-1.019492506980896,0.08677991479635239,0.8257481376646149,0.08677991479635239,-6.058753967285156
79,Left,0.19057808816432953,-0.6229920983314514,0.12369244545698166,0.8079218076614829,0.12369244545698166,-6.100337505340576
79,Right,-0.38686633110046387,-1.0192643404006958,0.08675889670848846,0.8193628706841768,0.08675889670848846,-6.100337505340576
80,Left,0.19798073172569275,-0.6819607019424438,0.1394210308790207,0.7923245232486744,0.1394210308790207,-6.132828235626221
80,Right,-0.3875853419303894,-1.0191301107406616,0.08674691617488861,0.8157426975728889,0.08674691617488861,-6.132828235626221
81,Left,0.21068555116653442,-0.7593920230865479,0.14477917551994324,0.7884512513127991,0.14477917551994324,-6.156966209411621
81,Right,-0.3881674110889435,-1.0189088582992554,0.08674469590187073,0.8151789822332672,0.08674469590187073,-6.156966209411621
82,Left,0.23212049901485443,-0.8527423143386841,0.13801440596580505,0.8020225077365501,0.13801440596580505,-6.173062324523926
82,Right,-0.3885529935359955,-1.0187571048736572,0.08675114065408707,0.8154025878514808,0.08675114065408707,-6.173062324523926
83,Left,0.25782310962677,-0.9612401723861694,0.12626875936985016,0.8272781551841257,0.12626875936985016,-6.181809902191162
83,Right,-0.388467401266098,-1.01876699924469,0.0867636501789093,0.8146288965680644,0.0867636501789093,-6.181809902191162
84,Left,0.2810834050178528,-1.0805894136428833,0.11678363382816315,0.8564011737493478,0.11678363382816315,-6.188769340515137
84,Right,-0.38833481073379517,-1.0189188718795776,0.0867711752653122,0.8123402911379661,0.0867711752653122,-6.188769340515137
85,Left,0.29499852657318115,-1.1998368501663208,0.11382701247930527,0.8819053048091309,0.11382701247930527,-6.201739311218262
85,Right,-0.38815778493881226,-1.0190213918685913,0.08675985038280487,0.8090821361426571,0.08675985038280487,-6.201739311218262
86,Left,0.2969217002391815,-1.2994533777236938,0.1125934049487114,0.8981894565340912,0.1125934049487114,-6.223244667053223
86,Right,-0.3881860375404358,-1.0190304517745972,0.08674786984920502,0.8050910894032823,0.08674786984920502,-6.223244667053223
87,Left,0.2883317470550537,-1.364134430885315,0.10369561612606049,0.9063748651840327,0.10369561612606049,-6.25145149230957
87,Right,-0.3886595666408539,-1.019039511680603,0.08674498647451401,0.7996129350844022,0.08674498647451401,-6.25145149230957
88,Left,0.28437966108322144,-1.3833396434783936,0.09042435884475708,0.9006104687055178,0.09042435884475708,-6.284409523010254
88,Right,-0.3896719813346863,-1.0191187858581543,0.08675199002027512,0.7933863111075129,0.08675199002027512,-6.284409523010254
89,Left,0.28455090522766113,-1.3833978176116943,0.08670680224895477,0.8824471122641819,0.08670680224895477,-6.323410511016846
89,Right,-0.39097821712493896,-1.01883065700531,0.08673863857984543,0.7891338956838604,0.08673863857984543,-6.323410511016846
90,Left,0.2851523160934448,-1.3846131563186646,0.0871153473854065,0.8674407709415832,0.0871153473854065,-6.352534294128418
90,Right,-0.3935142755508423,-1.018006682395935,0.08666973561048508,0.7893044838667906,0.08666973561048508,-6.352534294128418
91,Left,0.2856166660785675,-1.3846851587295532,0.08716719597578049,0.8615004524964812,0.08716719597578049,-6.368342399597168
91,Right,-0.39692845940589905,-1.0161960124969482,0.08647101372480392,0.796212064640434,0.08647101372480392,-6.368342399597168
92,Left,0.28569966554641724,-1.3845041990280151,0.08721926063299179,0.86018095154249,0.08721926063299179,-6.375557899475098
92,Right,-0.4007863998413086,-1.0134104490280151,0.08622603118419647,0.8062117971727789,0.08622603118419647,-6.375557899475098
93,Left,0.2855507731437683,-1.3841848373413086,0.08725836873054504,0.8616838715308731,0.08725836873054504,-6.382184028625488
93,Right,-0.404975950717926,-1.0107827186584473,0.08597109466791153,0.8172704136271206,0.08597109466791153,-6.382184028625488
94,Left,0.28563743829727173,-1.3838939666748047,0.08726859092712402,0.864617638118033,0.08726859092712402,-6.387558460235596
94,Right,-0.4086079001426697,-1.0088125467300415,0.08571317046880722,0.8275165552212133,0.08571317046880722,-6.387558460235596
95,Left,0.2860569655895233,-1.3837084770202637,0.08726664632558823,0.8670643792084951,0.08726664632558823,-6.38993501663208
95,Right,-0.4115716516971588,-1.0075457096099854,0.08552480489015579,0.8355527704386696,0.08552480489015579,-6.38993501663208
96,Left,0.28664711117744446,-1.383544683456421,0.08726596087217331,0.8685772151954951,0.08726596087217331,-6.3883843421936035
96,Right,-0.4136549234390259,-1.006806492805481,0.08544645458459854,0.8405442992147077,0.08544645458459854,-6.3883843421936035
97,Left,0.2875269651412964,-1.3834378719329834,0.08727008104324341,0.868794616661569,0.08727008104324341,-6.382417678833008
97,Right,-0.41503095626831055,-1.0068719387054443,0.08550038188695908,0.84247116909729,0.08550038188695908,-6.382417678833008
98,Left,0.2884368300437927,-1.3833742141723633,0.08729098737239838,0.8672026577045796,0.08729098737239838,-6.373839378356934
98,Right,-0.4160248339176178,-1.0079681873321533,0.08567723631858826,0.8411995451221965,0.08567723631858826,-6.373839378356934
99,Left,0.28908711671829224,-1.3833367824554443,0.08731525391340256,0.8643037212700307,0.08731525391340256,-6.3655571937561035
99,Right,-0.41693150997161865,-1.0095058679580688,0.08591800928115845,0.8376437870650418,0.08591800928115845,-6.3655571937561035
100,Left,0.28947195410728455,-1.3833054304122925,0.08732908219099045,0.8616004824645649,0.08732908219099045,-6.360672950744629
100,Right,-0.4183296859264374,-1.010236144065857,0.08605625480413437,0.834629722063492,0.08605625480413437,-6.360672950744629
101,Left,0.2896420359611511,-1.3832379579544067,0.08733628690242767,0.8597160139593235,0.08733628690242767,-6.359017372131348
101,Right,-0.41840308904647827,-1.0112076997756958,0.08617343008518219,0.8319814162262528,0.08617343008518219,-6.359017372131348
102,Left,0.2896486818790436,-1.383147954940796,0.08734063804149628,0.8582875784504015,0.08734063804149628,-6.358639717102051
102,Right,-0.41892626881599426,-1.0113176107406616,0.08621454238891602,0.8306864287878802,0.08621454238891602,-6.358639717102051
103,Left,0.2895432710647583,-1.383075475692749,0.08734101057052612,0.8578029559078727,0.08734101057052612,-6.356006145477295
103,Right,-0.41897204518318176,-1.0108662843704224,0.0862271785736084,0.8304259474688191,0.0862271785736084,-6.356006145477295
104,Left,0.2892817258834839,-1.3830071687698364,0.08734020590782166,0.8580984886982157,0.08734020590782166,-6.351413249969482
104,Right,-0.41941171884536743,-1.0096887350082397,0.08620040118694305,0.8310026282513223,0.08620040118694305,-6.351413249969482
105,Left,0.2891235947608948,-1.3829530477523804,0.08733732998371124,0.8592498276322985,0.08733732998371124,-6.345158100128174
105,Right,-0.418792188167572,-1.009472131729126,0.0861951932311058,0.8312158501169437,0.0861951932311058,-6.345158100128174
106,Left,0.2890893816947937,-1.3829474449157715,0.08733440190553665,0.8600814906381985,0.08733440190553665,-6.338656902313232
106,Right,-0.4186570346355438,-1.0088748931884766,0.08616798371076584,0.8317566427434816,0.08616798371076584,-6.338656902313232
107,Left,0.28919947147369385,-1.3829445838928223,0.0873320996761322,0.8607396929250101,0.0873320996761322,-6.332910537719727
107,Right,-0.41858145594596863,-1.0085196495056152,0.0861571654677391,0.8317514304975604,0.0861571654677391,-6.332910537719727
108,Left,0.2893389165401459,-1.3829386234283447,0.08733315765857697,0.8606937238995767,0.08733315765857697,-6.329061508178711
108,Right,-0.4185848832130432,-1.0085471868515015,0.08614549785852432,0.8314029342733651,0.08614549785852432,-6.329061508178711
109,Left,0.28946006298065186,-1.3829495906829834,0.08733410388231277,0.86006793132628,0.08733410388231277,-6.327472686767578
109,Right,-0.41876420378685,-1.0089342594146729,0.08614586293697357,0.8308749985223571,0.08614586293697357,-6.327472686767578
110,Left,0.28953874111175537,-1.3829327821731567,0.08733735233545303,0.8591536822137225,0.08733735233545303,-6.327482223510742
110,Right,-0.41906383633613586,-1.0094300508499146,0.08616387099027634,0.830078771254344,0.08616387099027634,-6.327482223510742
111,Left,0.28962671756744385,-1.3828885555267334,0.087339386343956,0.8582514592564447,0.087339386343956,-6.328583717346191
111,Right,-0.419414222240448,-1.0097297430038452,0.08617688715457916,0.8298048422248105,0.08617688715457916,-6.328583717346191
112,Left,0.2896232604980469,-1.382851243019104,0.08734117448329926,0.8571664064637229,0.08734117448329926,-6.330621242523193
112,Right,-0.41982483863830566,-1.0094530582427979,0.08621366322040558,0.8297542770546469,0.08621366322040558,-6.330621242523193
113,Left,0.28949999809265137,-1.3828023672103882,0.08734177052974701,0.8566105660323675,0.08734177052974701,-6.333347320556641
113,Right,-0.42013606429100037,-1.0097941160202026,0.08625834435224533,0.829864083911691,0.08625834435224533,-6.333347320556641
114,Left,0.2892592251300812,-1.3827505111694336,0.08734291791915894,0.8561126101909396,0.08734291791915894,-6.336266040802002
114,Right,-0.4198325574398041,-1.0097064971923828,0.08632257580757141,0.830105624023909,0.08632257580757141,-6.336266040802002
115,Left,0.28897741436958313,-1.3827030658721924,0.08734336495399475,0.8559418267283111,0.08734336495399475,-6.339681148529053
115,Right,-0.42010530829429626,-1.0093224048614502,0.08636234700679779,0.8305913056908457,0.08636234700679779,-6.339681148529053
116,Left,0.28876936435699463,-1.3826628923416138,0.08734405785799026,0.8557930771374518,0.08734405785799026,-6.342718601226807
116,Right,-0.42026394605636597,-1.008929967880249,0.08638835698366165,0.8310260498814578,0.08638835698366165,-6.342718601226807
117,Left,0.28854846954345703,-1.3826508522033691,0.08734408766031265,0.8554890534417116,0.08734408766031265,-6.34515905380249
117,Right,-0.420451819896698,-1.0087411403656006,0.08638980984687805,0.8314555587567337,0.08638980984687805,-6.34515905380249
118,Left,0.2883540093898773,-1.38262939453125,0.08734399080276489,0.8547600658686793,0.08734399080276489,-6.347287654876709
118,Right,-0.4198850393295288,-1.008617877960205,0.08640238642692566,0.831561955780072,0.08640238642692566,-6.347287654876709
119,Left,0.28817886114120483,-1.3826124668121338,0.08734316378831863,0.8537827974899329,0.08734316378831863,-6.348613262176514
119,Right,-0.42101427912712097,-1.008934736251831,0.08637925982475281,0.8323998037927083,0.08637925982475281,-6.348613262176514
120,Left,0.28805845975875854,-1.382585883140564,0.08734253793954849,0.8525841800422598,0.08734253793954849,-6.349381923675537
120,Right,-0.42128580808639526,-1.0089387893676758,0.08637499809265137,0.8329952625881104,0.08637499809265137,-6.349381923675537
121,Left,0.287950724363327,-1.3825777769088745,0.08734175562858582,0.8513874477733311,0.08734175562858582,-6.349565029144287
121,Right,-0.4215448498725891,-1.0089081525802612,0.08636433631181717,0.8335256912080555,0.08636433631181717,-6.349565029144287
122,Left,0.287856787443161,-1.3825477361679077,0.08734017610549927,0.850057166031978,0.08734017610549927,-6.349893569946289
122,Right,-0.4217333495616913,-1.0089092254638672,0.08634501695632935,0.8338958773683528,0.08634501695632935,-6.349893569946289
123,Left,0.28774312138557434,-1.382534384727478,0.08733730018138885,0.8488584400667377,0.08733730018138885,-6.350064754486084
123,Right,-0.42194318771362305,-1.009045124053955,0.08633475005626678,0.8336339366167562,0.08633475005626678,-6.350064754486084
124,Left,0.28769028186798096,-1.3825709819793701,0.08733610808849335,0.8481117729752313,0.08733610808849335,-6.349772930145264
124,Right,-0.4220103919506073,-1.0090341567993164,0.08630812168121338,0.8336362167863748,0.08630812168121338,-6.349772930145264
125,Left,0.2875777781009674,-1.3826009035110474,0.08733460307121277,0.8475165427789114,0.08733460307121277,-6.3494462966918945
125,Right,-0.4220326244831085,-1.0088815689086914,0.08628907799720764,0.8335710311929168,0.08628907799720764,-6.3494462966918945
126,Left,0.28746363520622253,-1.38260817527771,0.08733413368463516,0.8471743031025851,0.08733413368463516,-6.348666191101074
126,Right,-0.42196229100227356,-1.0085766315460205,0.0862732008099556,0.834116795678152,0.0862732008099556,-6.348666191101074
127,Left,0.28745949268341064,-1.3825838565826416,0.08733426779508591,0.8473472757246782,0.08733426779508591,-6.346868515014648
127,Right,-0.4217674732208252,-1.0081859827041626,0.08625082671642303,0.8348960427390867,0.08625082671642303,-6.346868515014648
128,Left,0.28737664222717285,-1.3825618028640747,0.08733473718166351,0.8479385081828084,0.08733473718166351,-6.344743728637695
128,Right,-0.4217230975627899,-1.0078498125076294,0.08622369170188904,0.8354189246887187,0.08622369170188904,-6.344743728637695
129,Left,0.2873997390270233,-1.3825490474700928,0.08733614534139633,0.8486095684279075,0.08733614534139633,-6.3430352210998535
129,Right,-0.42176833748817444,-1.0077160596847534,0.08619982749223709,0.8358367141681088,0.08619982749223709,-6.3430352210998535
130,Left,0.2875283658504486,-1.3825368881225586,0.08733665943145752,0.8492600281798215,0.08733665943145752,-6.341817378997803
130,Right,-0.42200788855552673,-1.0077637434005737,0.08618538081645966,0.8358447110292538,0.08618538081645966,-6.341817378997803
131,Left,0.28767359256744385,-1.382504940032959,0.08733613044023514,0.8497940520469502,0.08733613044023514,-6.340419769287109
131,Right,-0.42238688468933105,-1.0080010890960693,0.08619086444377899,0.8354291573484133,0.08619086444377899,-6.340419769287109
132,Left,0.28837311267852783,-1.3833166360855103,0.08733637630939484,0.8506591647102997,0.08733637630939484,-6.339522838592529
132,Right,-0.4227742850780487,-1.0083545446395874,0.08620884269475937,0.8347445480852551,0.08620884269475937,-6.339522838592529
133,Left,0.2882576584815979,-1.382118582725525,0.08733236789703369,0.8506058407019532,0.08733236789703369,-6.3383026123046875
133,Right,-0.4231865704059601,-1.008897304534912,0.08624996244907379,0.8337111829664299,0.08624996244907379,-6.3383026123046875
134,Left,0.28813597559928894,-1.3823516368865967,0.08733068406581879,0.8508849160516186,0.08733068406581879,-6.336926460266113
134,Right,-0.4235527217388153,-1.009436845779419,0.08627575635910034,0.8326076136554724,0.08627575635910034,-6.336926460266113
135,Left,0.28830668330192566,-1.38235604763031,0.08733000606298447,0.8510457054347401,0.08733000606298447,-6.335019111633301
135,Right,-0.423861026763916,-1.0098601579666138,0.08630245178937912,0.8317300157179967,0.08630245178937912,-6.335019111633301
136,Left,0.28844916820526123,-1.3823424577713013,0.08733072131872177,0.8514574515442607,0.08733072131872177,-6.333490371704102
136,Right,-0.42415881156921387,-1.0101441144943237,0.08632215857505798,0.8310157630043815,0.08632215857505798,-6.333490371704102
137,Left,0.28861066699028015,-1.382328987121582,0.08733078837394714,0.8518864076876305,0.08733078837394714,-6.332149028778076
137,Right,-0.42434611916542053,-1.0102765560150146,0.08635689318180084,0.8304834812217847,0.08635689318180084,-6.332149028778076
138,Left,0.2888365685939789,-1.3823373317718506,0.08733333647251129,0.8528174506211835,0.08733333647251129,-6.331489562988281
138,Right,-0.42435142397880554,-1.01031494140625,0.08636076003313065,0.8302805182604394,0.08636076003313065,-6.331489562988281
139,Left,0.2890143096446991,-1.3823741674423218,0.08733536303043365,0.8540131168730309,0.08733536303043365,-6.331191062927246
139,Right,-0.42422786355018616,-1.010374665260315,0.08636599034070969,0.8298182608048265,0.08636599034070969,-6.331191062927246
140,Left,0.2891172468662262,-1.3824299573898315,0.08733811229467392,0.8555231425442555,0.08733811229467392,-6.331501483917236
140,Right,-0.42423176765441895,-1.0104070901870728,0.08635766804218292,0.8293010844529455,0.08635766804218292,-6.331501483917236
141,Left,0.28920799493789673,-1.3825010061264038,0.087340347468853,0.8563037459532492,0.087340347468853,-6.331892967224121
141,Right,-0.4242419898509979,-1.0104541778564453,0.08634793013334274,0.8292023756968759,0.08634793013334274,-6.331892967224121
142,Left,0.28936755657196045,-1.3825355768203735,0.0873410552740097,0.8566537362037702,0.0873410552740097,-6.332685470581055
142,Right,-0.42437124252319336,-1.0105472803115845,0.08634695410728455,0.8289739771201553,0.08634695410728455,-6.332685470581055
143,Left,0.28956761956214905,-1.3825616836547852,0.08734161406755447,0.8568173669316069,0.08734161406755447,-6.333695411682129
143,Right,-0.42441654205322266,-1.0106106996536255,0.0863441601395607,0.8286990001671903,0.0863441601395607,-6.333695411682129
144,Left,0.28981199860572815,-1.3825966119766235,0.08734158426523209,0.8566235429701862,0.08734158426523209,-6.335235118865967
144,Right,-0.42435482144355774,-1.0106537342071533,0.08633159846067429,0.8284066903136784,0.08633159846067429,-6.335235118865967
145,Left,0.2900952696800232,-1.3826342821121216,0.08734176307916641,0.8563590120442885,0.08734176307916641,-6.336552619934082
145,Right,-0.4241345226764679,-1.0106457471847534,0.08630798012018204,0.8283762550666849,0.08630798012018204,-6.336552619934082
146,Left,0.2903057932853699,-1.382653832435608,0.08734150975942612,0.856042612849239,0.08734150975942612,-6.3380208015441895
146,Right,-0.42376911640167236,-1.010530710220337,0.08627786487340927,0.8284204142807696,0.08627786487340927,-6.3380208015441895
147,Left,0.29037079215049744,-1.382658839225769,0.08734137564897537,0.85572476018273,0.08734137564897537,-6.3396100997924805
147,Right,-0.4233887791633606,-1.0102674961090088,0.08624361455440521,0.8287014799097577,0.08624361455440521,-6.3396100997924805
148,Left,0.2903934419155121,-1.3826451301574707,0.08734092116355896,0.8557361615944333,0.08734092116355896,-6.3414082527160645
148,Right,-0.42307206988334656,-1.0098680257797241,0.08623943477869034,0.8285489672741725,0.08623943477869034,-6.3414082527160645
149,Left,0.2902894616127014,-1.3826167583465576,0.08734088391065598,0.8560638317583231,0.08734088391065598,-6.342755317687988
149,Right,-0.4228360056877136,-1.00951087474823,0.08623434603214264,0.8282936144958178,0.08623434603214264,-6.342755317687988
150,Left,0.2900344729423523,-1.3825291395187378,0.08733967691659927,0.8565177712840445,0.08733967691659927,-6.344147205352783
150,Right,-0.42294302582740784,-1.009375810623169,0.0862497091293335,0.8279381667213869,0.0862497091293335,-6.344147205352783
151,Left,0.2900344729423523,-1.3825291395187378,0.08733967691659927,0.8565177712840445,0.08733967691659927,-6.344147205352783
151,Right,-0.42294302582740784,-1.009375810623169,0.0862497091293335,0.8279381667213869,0.0862497091293335,-6.344147205352783
152,Left,0.2900344729423523,-1.3825291395187378,0.08733967691659927,0.8565177712840445,0.08733967691659927,-6.344147205352783
152,Right,-0.42294302582740784,-1.009375810623169,0.0862497091293335,0.8279381667213869,0.0862497091293335,-6.344147205352783
153,Left,0.2900344729423523,-1.3825291395187378,0.08733967691659927,0.8565177712840445,0.08733967691659927,-6.344147205352783
153,Right,-0.42294302582740784,-1.009375810623169,0.0862497091293335,0.8279381667213869,0.0862497091293335,-6.344147205352783
154,Left,0.2900344729423523,-1.3825291395187378,0.08733967691659927,0.8565177712840445,0.08733967691659927,-6.344147205352783
154,Right,-0.42294302582740784,-1.009375810623169,0.0862497091293335,0.8279381667213869,0.0862497091293335,-6.344147205352783
155,Left,0.2900344729423523,-1.3825291395187378,0.08733967691659927,0.8565177712840445,0.08733967691659927,-6.344147205352783
155,Right,-0.42294302582740784,-1.009375810623169,0.0862497091293335,0.8279381667213869,0.0862497091293335,-6.344147205352783
156,Left,0.2900344729423523,-1.3825291395187378,0.08733967691659927,0.8565177712840445,0.08733967691659927,-6.344147205352783
156,Right,-0.42294302582740784,-1.009375810623169,0.0862497091293335,0.8279381667213869,0.0862497091293335,-6.344147205352783
157,Left,0.2900344729423523,-1.3825291395187378,0.08733967691659927,0.8565177712840445,0.08733967691659927,-6.344147205352783
157,Right,-0.42294302582740784,-1.009375810623169,0.0862497091293335,0.8279381667213869,0.0862497091293335,-6.344147205352783
158,Left,0.2900344729423523,-1.3825291395187378,0.08733967691659927,0.8565177712840445,0.08733967691659927,-6.344147205352783
158,Right,-0.42294302582740784,-1.009375810623169,0.0862497091293335,0.8279381667213869,0.0862497091293335,-6.344147205352783
159,Left,0.2900344729423523,-1.3825291395187378,0.08733967691659927,0.8565177712840445,0.08733967691659927,-6.344147205352783
159,Right,-0.42294302582740784,-1.009375810623169,0.0862497091293335,0.8279381667213869,0.0862497091293335,-6.344147205352783
160,Left,0.2900344729423523,-1.3825291395187378,0.08733967691659927,0.8565177712840445,0.08733967691659927,-6.344147205352783
160,Right,-0.42294302582740784,-1.009375810623169,0.0862497091293335,0.8279381667213869,0.0862497091293335,-6.344147205352783
161,Left,0.2900344729423523,-1.3825291395187378,0.08733967691659927,0.8565177712840445,0.08733967691659927,-6.344147205352783
161,Right,-0.42294302582740784,-1.009375810623169,0.0862497091293335,0.8279381667213869,0.0862497091293335,-6.344147205352783
162,Left,0.2900344729423523,-1.3825291395187378,0.08733967691659927,0.8565177712840445,0.08733967691659927,-6.344147205352783
162,Right,-0.42294302582740784,-1.009375810623169,0.0862497091293335,0.8279381667213869,0.0862497091293335,-6.344147205352783
163,Left,0.2900344729423523,-1.3825291395187378,0.08733967691659927,0.8565177712840445,0.08733967691659927,-6.344147205352783
163,Right,-0.42294302582740784,-1.009375810623169,0.0862497091293335,0.8279381667213869,0.0862497091293335,-6.344147205352783
164,Left,0.2900344729423523,-1.3825291395187378,0.08733967691659927,0.8565177712840445,0.08733967691659927,-6.344147205352783
164,Right,-0.42294302582740784,-1.009375810623169,0.0862497091293335,0.8279381667213869,0.0862497091293335,-6.344147205352783
165,Left,0.2900344729423523,-1.3825291395187378,0.08733967691659927,0.8565177712840445,0.08733967691659927,-6.344147205352783
165,Right,-0.42294302582740784,-1.009375810623169,0.0862497091293335,0.8279381667213869,0.0862497091293335,-6.344147205352783
166,Left,0.2900344729423523,-1.3825291395187378,0.08733967691659927,0.8565177712840445,0.08733967691659927,-6.344147205352783
166,Right,-0.42294302582740784,-1.009375810623169,0.0862497091293335,0.8279381667213869,0.0862497091293335,-6.344147205352783
167,Left,0.2900344729423523,-1.3825291395187378,0.08733967691659927,0.8565177712840445,0.08733967691659927,-6.344147205352783
167,Right,-0.42294302582740784,-1.009375810623169,0.0862497091293335,0.8279381667213869,0.0862497091293335,-6.344147205352783
168,Left,0.2900344729423523,-1.3825291395187378,0.08733967691659927,0.8565177712840445,0.08733967691659927,-6.344147205352783
168,Right,-0.42294302582740784,-1.009375810623169,0.0862497091293335,0.8279381667213869,0.0862497091293335,-6.344147205352783
169,Left,0.2900344729423523,-1.3825291395187378,0.08733967691659927,0.8565177712840445,0.08733967691659927,-6.344147205352783
169,Right,-0.42294302582740784,-1.009375810623169,0.0862497091293335,0.8279381667213869,0.0862497091293335,-6.344147205352783
170,Left,0.2900344729423523,-1.3825291395187378,0.08733967691659927,0.8565177712840445,0.08733967691659927,-6.344147205352783
170,Right,-0.42294302582740784,-1.009375810623169,0.0862497091293335,0.8279381667213869,0.0862497091293335,-6.344147205352783
171,Left,0.2900344729423523,-1.3825291395187378,0.08733967691659927,0.8565177712840445,0.08733967691659927,-6.344147205352783
171,Right,-0.42294302582740784,-1.009375810623169,0.0862497091293335,0.8279381667213869,0.0862497091293335,-6.344147205352783
172,Left,0.2900344729423523,-1.3825291395187378,0.08733967691659927,0.8565177712840445,0.08733967691659927,-6.344147205352783
172,Right,-0.42294302582740784,-1.009375810623169,0.0862497091293335,0.8279381667213869,0.0862497091293335,-6.344147205352783
173,Left,0.2900344729423523,-1.3825291395187378,0.08733967691659927,0.8565177712840445,0.08733967691659927,-6.344147205352783
173,Right,-0.42294302582740784,-1.009375810623169,0.0862497091293335,0.8279381667213869,0.0862497091293335,-6.344147205352783
174,Left,0.2900344729423523,-1.3825291395187378,0.08733967691659927,0.8565177712840445,0.08733967691659927,-6.344147205352783
174,Right,-0.42294302582740784,-1.009375810623169,0.0862497091293335,0.8279381667213869,0.0862497091293335,-6.344147205352783
175,Left,0.2900344729423523,-1.3825291395187378,0.08733967691659927,0.8565177712840445,0.08733967691659927,-6.344147205352783
175,Right,-0.42294302582740784,-1.009375810623169,0.0862497091293335,0.8279381667213869,0.0862497091293335,-6.344147205352783
176,Left,0.2900344729423523,-1.3825291395187378,0.08733967691659927,0.8565177712840445,0.08733967691659927,-6.344147205352783
176,Right,-0.42294302582740784,-1.009375810623169,0.0862497091293335,0.8279381667213869,0.0862497091293335,-6.344147205352783
177,Left,0.2900344729423523,-1.3825291395187378,0.08733967691659927,0.8565177712840445,0.08733967691659927,-6.344147205352783
177,Right,-0.42294302582740784,-1.009375810623169,0.0862497091293335,0.8279381667213869,0.0862497091293335,-6.344147205352783
178,Left,0.2900344729423523,-1.3825291395187378,0.08733967691659927,0.8565177712840445,0.08733967691659927,-6.344147205352783
178,Right,-0.42294302582740784,-1.009375810623169,0.0862497091293335,0.8279381667213869,0.0862497091293335,-6.344147205352783
179,Left,0.2900344729423523,-1.3825291395187378,0.08733967691659927,0.8565177712840445,0.08733967691659927,-6.344147205352783
179,Right,-0.42294302582740784,-1.009375810623169,0.0862497091293335,0.8279381667213869,0.0862497091293335,-6.344147205352783
180,Left,0.2900344729423523,-1.3825291395187378,0.08733967691659927,0.8565177712840445,0.08733967691659927,-6.344147205352783
180,Right,-0.42294302582740784,-1.009375810623169,0.0862497091293335,0.8279381667213869,0.0862497091293335,-6.344147205352783
181,Left,0.2900344729423523,-1.3825291395187378,0.08733967691659927,0.8565177712840445,0.08733967691659927,-6.344147205352783
181,Right,-0.42294302582740784,-1.009375810623169,0.0862497091293335,0.8279381667213869,0.0862497091293335,-6.344147205352783
182,Left,0.2900344729423523,-1.3825291395187378,0.08733967691659927,0.8565177712840445,0.08733967691659927,-6.344147205352783
182,Right,-0.42294302582740784,-1.009375810623169,0.0862497091293335,0.8279381667213869,0.0862497091293335,-6.344147205352783
183,Left,0.2900344729423523,-1.3825291395187378,0.08733967691659927,0.8565177712840445,0.08733967691659927,-6.344147205352783
183,Right,-0.42294302582740784,-1.009375810623169,0.0862497091293335,0.8279381667213869,0.0862497091293335,-6.344147205352783
184,Left,0.2900344729423523,-1.3825291395187378,0.08733967691659927,0.8565177712840445,0.08733967691659927,-6.344147205352783
184,Right,-0.42294302582740784,-1.009375810623169,0.0862497091293335,0.8279381667213869,0.0862497091293335,-6.344147205352783
185,Left,0.2900344729423523,-1.3825291395187378,0.08733967691659927,0.8565177712840445,0.08733967691659927,-6.344147205352783
185,Right,-0.42294302582740784,-1.009375810623169,0.0862497091293335,0.8279381667213869,0.0862497091293335,-6.344147205352783
186,Left,0.2900344729423523,-1.3825291395187378,0.08733967691659927,0.8565177712840445,0.08733967691659927,-6.344147205352783
186,Right,-0.42294302582740784,-1.009375810623169,0.0862497091293335,0.8279381667213869,0.0862497091293335,-6.344147205352783
187,Left,0.2900344729423523,-1.3825291395187378,0.08733967691659927,0.8565177712840445,0.08733967691659927,-6.344147205352783
187,Right,-0.42294302582740784,-1.009375810623169,0.0862497091293335,0.8279381667213869,0.0862497091293335,-6.344147205352783
188,Left,0.2900344729423523,-1.3825291395187378,0.08733967691659927,0.8565177712840445,0.08733967691659927,-6.344147205352783
188,Right,-0.42294302582740784,-1.009375810623169,0.0862497091293335,0.8279381667213869,0.0862497091293335,-6.344147205352783
189,Left,0.2900344729423523,-1.3825291395187378,0.08733967691659927,0.8565177712840445,0.08733967691659927,-6.344147205352783
189,Right,-0.42294302582740784,-1.009375810623169,0.0862497091293335,0.8279381667213869,0.0862497091293335,-6.344147205352783
190,Left,0.2900344729423523,-1.3825291395187378,0.08733967691659927,0.8565177712840445,0.08733967691659927,-6.344147205352783
190,Right,-0.42294302582740784,-1.009375810623169,0.0862497091293335,0.8279381667213869,0.0862497091293335,-6.344147205352783
191,Left,0.2900344729423523,-1.3825291395187378,0.08733967691659927,0.8565177712840445,0.08733967691659927,-6.344147205352783
191,Right,-0.42294302582740784,-1.009375810623169,0.0862497091293335,0.8279381667213869,0.0862497091293335,-6.344147205352783
192,Left,0.2900344729423523,-1.3825291395187378,0.08733967691659927,0.8565177712840445,0.08733967691659927,-6.344147205352783
192,Right,-0.42294302582740784,-1.009375810623169,0.0862497091293335,0.8279381667213869,0.0862497091293335,-6.344147205352783
193,Left,0.2900344729423523,-1.3825291395187378,0.08733967691659927,0.8565177712840445,0.08733967691659927,-6.344147205352783
193,Right,-0.42294302582740784,-1.009375810623169,0.0862497091293335,0.8279381667213869,0.0862497091293335,-6.344147205352783
194,Left,0.2900344729423523,-1.3825291395187378,0.08733967691659927,0.8565177712840445,0.08733967691659927,-6.344147205352783
194,Right,-0.42294302582740784,-1.009375810623169,0.0862497091293335,0.8279381667213869,0.0862497091293335,-6.344147205352783
195,Left,0.2900344729423523,-1.3825291395187378,0.08733967691659927,0.8565177712840445,0.08733967691659927,-6.344147205352783
195,Right,-0.42294302582740784,-1.009375810623169,0.0862497091293335,0.8279381667213869,0.0862497091293335,-6.344147205352783
196,Left,0.2900344729423523,-1.3825291395187378,0.08733967691659927,0.8565177712840445,0.08733967691659927,-6.344147205352783
196,Right,-0.42294302582740784,-1.009375810623169,0.0862497091293335,0.8279381667213869,0.0862497091293335,-6.344147205352783
197,Left,0.2900344729423523,-1.3825291395187378,0.08733967691659927,0.8565177712840445,0.08733967691659927,-6.344147205352783
197,Right,-0.42294302582740784,-1.009375810623169,0.0862497091293335,0.8279381667213869,0.0862497091293335,-6.344147205352783
198,Left,0.2900344729423523,-1.3825291395187378,0.08733967691659927,0.8565177712840445,0.08733967691659927,-6.344147205352783
198,Right,-0.42294302582740784,-1.009375810623169,0.0862497091293335,0.8279381667213869,0.0862497091293335,-6.344147205352783
199,Left,0.2900344729423523,-1.3825291395187378,0.08733967691659927,0.8565177712840445,0.08733967691659927,-6.344147205352783
199,Right,-0.42294302582740784,-1.009375810623169,0.0862497091293335,0.8279381667213869,0.0862497091293335,-6.344147205352783
200,Left,0.2900344729423523,-1.3825291395187378,0.08733967691659927,0.8565177712840445,0.08733967691659927,-6.344147205352783
200,Right,-0.42294302582740784,-1.009375810623169,0.0862497091293335,0.8279381667213869,0.0862497091293335,-6.344147205352783
201,Left,0.2900344729423523,-1.3825291395187378,0.08733967691659927,0.8565177712840445,0.08733967691659927,-6.344147205352783
201,Right,-0.42294302582740784,-1.009375810623169,0.0862497091293335,0.8279381667213869,0.0862497091293335,-6.344147205352783
202,Left,0.2900344729423523,-1.3825291395187378,0.08733967691659927,0.8565177712840445,0.08733967691659927,-6.344147205352783
202,Right,-0.42294302582740784,-1.009375810623169,0.0862497091293335,0.8279381667213869,0.0862497091293335,-6.344147205352783
203,Left,0.2900344729423523,-1.3825291395187378,0.08733967691659927,0.8565177712840445,0.08733967691659927,-6.344147205352783
203,Right,-0.42294302582740784,-1.009375810623169,0.0862497091293335,0.8279381667213869,0.0862497091293335,-6.344147205352783
204,Left,0.2900344729423523,-1.3825291395187378,0.08733967691659927,0.8565177712840445,0.08733967691659927,-6.344147205352783
204,Right,-0.42294302582740784,-1.009375810623169,0.0862497091293335,0.8279381667213869,0.0862497091293335,-6.344147205352783
205,Left,0.2900344729423523,-1.3825291395187378,0.08733967691659927,0.8565177712840445,0.08733967691659927,-6.344147205352783
205,Right,-0.42294302582740784,-1.009375810623169,0.0862497091293335,0.8279381667213869,0.0862497091293335,-6.344147205352783
206,Left,0.2900344729423523,-1.3825291395187378,0.08733967691659927,0.8565177712840445,0.08733967691659927,-6.344147205352783
206,Right,-0.42294302582740784,-1.009375810623169,0.0862497091293335,0.8279381667213869,0.0862497091293335,-6.344147205352783
207,Left,0.2900344729423523,-1.3825291395187378,0.08733967691659927,0.8565177712840445,0.08733967691659927,-6.344147205352783
207,Right,-0.42294302582740784,-1.009375810623169,0.0862497091293335,0.8279381667213869,0.0862497091293335,-6.344147205352783
208,Left,0.2900344729423523,-1.3825291395187378,0.08733967691659927,0.8565177712840445,0.08733967691659927,-6.344147205352783
208,Right,-0.42294302582740784,-1.009375810623169,0.0862497091293335,0.8279381667213869,0.0862497091293335,-6.344147205352783
209,Left,0.2900344729423523,-1.3825291395187378,0.08733967691659927,0.8565177712840445,0.08733967691659927,-6.344147205352783
209,Right,-0.42294302582740784,-1.009375810623169,0.0862497091293335,0.8279381667213869,0.0862497091293335,-6.344147205352783
210,Left,0.2900344729423523,-1.3825291395187378,0.08733967691659927,0.8565177712840445,0.08733967691659927,-6.344147205352783
210,Right,-0.42294302582740784,-1.009375810623169,0.0862497091293335,0.8279381667213869,0.0862497091293335,-6.344147205352783
211,Left,0.2900344729423523,-1.3825291395187378,0.08733967691659927,0.8565177712840445,0.08733967691659927,-6.344147205352783
211,Right,-0.42294302582740784,-1.009375810623169,0.0862497091293335,0.8279381667213869,0.0862497091293335,-6.344147205352783
212,Left,0.2900344729423523,-1.3825291395187378,0.08733967691659927,0.8565177712840445,0.08733967691659927,-6.344147205352783
212,Right,-0.42294302582740784,-1.009375810623169,0.0862497091293335,0.8279381667213869,0.0862497091293335,-6.344147205352783
213,Left,0.2900344729423523,-1.3825291395187378,0.08733967691659927,0.8565177712840445,0.08733967691659927,-6.344147205352783
213,Right,-0.42294302582740784,-1.009375810623169,0.0862497091293335,0.8279381667213869,0.0862497091293335,-6.344147205352783
214,Left,0.2900344729423523,-1.3825291395187378,0.08733967691659927,0.8565177712840445,0.08733967691659927,-6.344147205352783
214,Right,-0.42294302582740784,-1.009375810623169,0.0862497091293335,0.8279381667213869,0.0862497091293335,-6.344147205352783
215,Left,0.2900344729423523,-1.3825291395187378,0.08733967691659927,0.8565177712840445,0.08733967691659927,-6.344147205352783
215,Right,-0.42294302582740784,-1.009375810623169,0.0862497091293335,0.8279381667213869,0.0862497091293335,-6.344147205352783
216,Left,0.2900344729423523,-1.3825291395187378,0.08733967691659927,0.8565177712840445,0.08733967691659927,-6.344147205352783
216,Right,-0.42294302582740784,-1.009375810623169,0.0862497091293335,0.8279381667213869,0.0862497091293335,-6.344147205352783
217,Left,0.2900344729423523,-1.3825291395187378,0.08733967691659927,0.8565177712840445,0.08733967691659927,-6.344147205352783
217,Right,-0.42294302582740784,-1.009375810623169,0.0862497091293335,0.8279381667213869,0.0862497091293335,-6.344147205352783
218,Left,0.2900344729423523,-1.3825291395187378,0.08733967691659927,0.8565177712840445,0.08733967691659927,-6.344147205352783
218,Right,-0.42294302582740784,-1.009375810623169,0.0862497091293335,0.8279381667213869,0.0862497091293335,-6.344147205352783
219,Left,0.2900344729423523,-1.3825291395187378,0.08733967691659927,0.8565177712840445,0.08733967691659927,-6.344147205352783
219,Right,-0.42294302582740784,-1.009375810623169,0.0862497091293335,0.8279381667213869,0.0862497091293335,-6.344147205352783
220,Left,0.2900344729423523,-1.3825291395187378,0.08733967691659927,0.8565177712840445,0.08733967691659927,-6.344147205352783
220,Right,-0.42294302582740784,-1.009375810623169,0.0862497091293335,0.8279381667213869,0.0862497091293335,-6.344147205352783
221,Left,0.2900344729423523,-1.3825291395187378,0.08733967691659927,0.8565177712840445,0.08733967691659927,-6.344147205352783
221,Right,-0.42294302582740784,-1.009375810623169,0.0862497091293335,0.8279381667213869,0.0862497091293335,-6.344147205352783
222,Left,0.2900344729423523,-1.3825291395187378,0.08733967691659927,0.8565177712840445,0.08733967691659927,-6.344147205352783
222,Right,-0.42294302582740784,-1.009375810623169,0.0862497091293335,0.8279381667213869,0.0862497091293335,-6.344147205352783
223,Left,0.2900344729423523,-1.3825291395187378,0.08733967691659927,0.8565177712840445,0.08733967691659927,-6.344147205352783
223,Right,-0.42294302582740784,-1.009375810623169,0.0862497091293335,0.8279381667213869,0.0862497091293335,-6.344147205352783
224,Left,0.2900344729423523,-1.3825291395187378,0.08733967691659927,0.8565177712840445,0.08733967691659927,-6.344147205352783
224,Right,-0.42294302582740784,-1.009375810623169,0.0862497091293335,0.8279381667213869,0.0862497091293335,-6.344147205352783
225,Left,0.2900344729423523,-1.3825291395187378,0.08733967691659927,0.8565177712840445,0.08733967691659927,-6.344147205352783
225,Right,-0.42294302582740784,-1.009375810623169,0.0862497091293335,0.8279381667213869,0.0862497091293335,-6.344147205352783
226,Left,0.2900344729423523,-1.3825291395187378,0.08733967691659927,0.8565177712840445,0.08733967691659927,-6.344147205352783
226,Right,-0.42294302582740784,-1.009375810623169,0.0862497091293335,0.8279381667213869,0.0862497091293335,-6.344147205352783
227,Left,0.2900344729423523,-1.3825291395187378,0.08733967691659927,0.8565177712840445,0.08733967691659927,-6.344147205352783
227,Right,-0.42294302582740784,-1.009375810623169,0.0862497091293335,0.8279381667213869,0.0862497091293335,-6.344147205352783
228,Left,0.2900344729423523,-1.3825291395187378,0.08733967691659927,0.8565177712840445,0.08733967691659927,-6.344147205352783
228,Right,-0.42294302582740784,-1.009375810623169,0.0862497091293335,0.8279381667213869,0.0862497091293335,-6.344147205352783
229,Left,0.2900344729423523,-1.3825291395187378,0.08733967691659927,0.8565177712840445,0.08733967691659927,-6.344147205352783
229,Right,-0.42294302582740784,-1.009375810623169,0.0862497091293335,0.8279381667213869,0.0862497091293335,-6.344147205352783
230,Left,0.2900344729423523,-1.3825291395187378,0.08733967691659927,0.8565177712840445,0.08733967691659927,-6.344147205352783
230,Right,-0.42294302582740784,-1.009375810623169,0.0862497091293335,0.8279381667213869,0.0862497091293335,-6.344147205352783
231,Left,0.2900344729423523,-1.3825291395187378,0.08733967691659927,0.8565177712840445,0.08733967691659927,-6.344147205352783
231,Right,-0.42294302582740784,-1.009375810623169,0.0862497091293335,0.8279381667213869,0.0862497091293335,-6.344147205352783
232,Left,0.2900344729423523,-1.3825291395187378,0.08733967691659927,0.8565177712840445,0.08733967691659927,-6.344147205352783
232,Right,-0.42294302582740784,-1.009375810623169,0.0862497091293335,0.8279381667213869,0.0862497091293335,-6.344147205352783
233,Left,0.2900344729423523,-1.3825291395187378,0.08733967691659927,0.8565177712840445,0.08733967691659927,-6.344147205352783
233,Right,-0.42294302582740784,-1.009375810623169,0.0862497091293335,0.8279381667213869,0.0862497091293335,-6.344147205352783
234,Left,0.2900344729423523,-1.3825291395187378,0.08733967691659927,0.8565177712840445,0.08733967691659927,-6.344147205352783
234,Right,-0.42294302582740784,-1.009375810623169,0.0862497091293335,0.8279381667213869,0.0862497091293335,-6.344147205352783
235,Left,0.2900344729423523,-1.3825291395187378,0.08733967691659927,0.8565177712840445,0.08733967691659927,-6.344147205352783
235,Right,-0.42294302582740784,-1.009375810623169,0.0862497091293335,0.8279381667213869,0.0862497091293335,-6.344147205352783
236,Left,0.2900344729423523,-1.3825291395187378,0.08733967691659927,0.8565177712840445,0.08733967691659927,-6.344147205352783
236,Right,-0.42294302582740784,-1.009375810623169,0.0862497091293335,0.8279381667213869,0.0862497091293335,-6.344147205352783
237,Left,0.2900344729423523,-1.3825291395187378,0.08733967691659927,0.8565177712840445,0.08733967691659927,-6.344147205352783
237,Right,-0.42294302582740784,-1.009375810623169,0.0862497091293335,0.8279381667213869,0.0862497091293335,-6.344147205352783
238,Left,0.2900344729423523,-1.3825291395187378,0.08733967691659927,0.8565177712840445,0.08733967691659927,-6.344147205352783
238,Right,-0.42294302582740784,-1.009375810623169,0.0862497091293335,0.8279381667213869,0.0862497091293335,-6.344147205352783
239,Left,0.2900344729423523,-1.3825291395187378,0.08733967691659927,0.8565177712840445,0.08733967691659927,-6.344147205352783
239,Right,-0.42294302582740784,-1.009375810623169,0.0862497091293335,0.8279381667213869,0.0862497091293335,-6.344147205352783
240,Left,0.2900344729423523,-1.3825291395187378,0.08733967691659927,0.8565177712840445,0.08733967691659927,-6.344147205352783
240,Right,-0.42294302582740784,-1.009375810623169,0.0862497091293335,0.8279381667213869,0.0862497091293335,-6.344147205352783
241,Left,0.2900344729423523,-1.3825291395187378,0.08733967691659927,0.8565177712840445,0.08733967691659927,-6.344147205352783
241,Right,-0.42294302582740784,-1.009375810623169,0.0862497091293335,0.8279381667213869,0.0862497091293335,-6.344147205352783
242,Left,0.2900344729423523,-1.3825291395187378,0.08733967691659927,0.8565177712840445,0.08733967691659927,-6.344147205352783
242,Right,-0.42294302582740784,-1.009375810623169,0.0862497091293335,0.8279381667213869,0.0862497091293335,-6.344147205352783
243,Left,0.2900344729423523,-1.3825291395187378,0.08733967691659927,0.8565177712840445,0.08733967691659927,-6.344147205352783
243,Right,-0.42294302582740784,-1.009375810623169,0.0862497091293335,0.8279381667213869,0.0862497091293335,-6.344147205352783
244,Left,0.2900344729423523,-1.3825291395187378,0.08733967691659927,0.8565177712840445,0.08733967691659927,-6.344147205352783
244,Right,-0.42294302582740784,-1.009375810623169,0.0862497091293335,0.8279381667213869,0.0862497091293335,-6.344147205352783
245,Left,0.2900344729423523,-1.3825291395187378,0.08733967691659927,0.8565177712840445,0.08733967691659927,-6.344147205352783
245,Right,-0.42294302582740784,-1.009375810623169,0.0862497091293335,0.8279381667213869,0.0862497091293335,-6.344147205352783
246,Left,0.2900344729423523,-1.3825291395187378,0.08733967691659927,0.8565177712840445,0.08733967691659927,-6.344147205352783
246,Right,-0.42294302582740784,-1.009375810623169,0.0862497091293335,0.8279381667213869,0.0862497091293335,-6.344147205352783
247,Left,0.2900344729423523,-1.3825291395187378,0.08733967691659927,0.8565177712840445,0.08733967691659927,-6.344147205352783
247,Right,-0.42294302582740784,-1.009375810623169,0.0862497091293335,0.8279381667213869,0.0862497091293335,-6.344147205352783
248,Left,0.2900344729423523,-1.3825291395187378,0.08733967691659927,0.8565177712840445,0.08733967691659927,-6.344147205352783
248,Right,-0.42294302582740784,-1.009375810623169,0.0862497091293335,0.8279381667213869,0.0862497091293335,-6.344147205352783
249,Left,0.2900344729423523,-1.3825291395187378,0.08733967691659927,0.8565177712840445,0.08733967691659927,-6.344147205352783
249,Right,-0.42294302582740784,-1.009375810623169,0.0862497091293335,0.8279381667213869,0.0862497091293335,-6.344147205352783
250,Left,0.2900344729423523,-1.3825291395187378,0.08733967691659927,0.8565177712840445,0.08733967691659927,-6.344147205352783
250,Right,-0.42294302582740784,-1.009375810623169,0.0862497091293335,0.8279381667213869,0.0862497091293335,-6.344147205352783
